"フシギダネ","","たね","四足型","うまれたては　やわらかい　こうらもすぐに　ゆびでつつくと　はじくほどのだんりょくせいを　もつようになる。","うまれたては　やわらかい　こうらもすぐに　ゆびでつつくと　はじくほどのだんりょくせいを　もつようになる。","",""
"フシギソウ","","たね","四足型","","","",""
"フシギバナ","","たね","四足型","","","",""
"ヒトカゲ","","とかげ","二足尻尾型","","","",""
"リザード","","かえん","二足尻尾型","","","",""
"リザードン","","かえん","二足尻尾型","","","",""
"ゼニガメ","","かめのこ","二足尻尾型","","","",""
"カメール","","かめ","二足尻尾型","","","",""
"カメックス","","こうら","二足尻尾型","","","",""
"キャタピー","","いもむし","腹這脚無型","","","",""
"トランセル","","さなぎ","腹這脚無型","","","",""
"バタフリー","","ちょうちょ","四枚羽型","","","",""
"ビードル","","けむし","腹這脚無型","","","",""
"コクーン","","さなぎ","腹這脚無型","","","",""
"スピアー","","どくばち","四枚羽型","","","",""
"ポッポ","","ことり","二枚羽型","","","",""
"ピジョン","","とり","二枚羽型","","","",""
"ピジョット","","とり","二枚羽型","","","",""
"コラッタ","","ねずみ","四足型","","","",""
"ラッタ","","ねずみ","四足型","","","",""
"オニスズメ","","ことり","二枚羽型","","","",""
"オニドリル","","くちばし","二枚羽型","","","",""
"アーボ","","へび","腹這脚無型","","","",""
"アーボック","","コブラ","腹這脚無型","","","",""
"ピカチュウ","","ねずみ","四足型","","","",""
"ライチュウ","","ねずみ","二足尻尾型","","","",""
"サンド","","ねずみ","二足尻尾型","","","",""
"サンドパン","","ねずみ","二足尻尾型","","","",""
"ニドラン♀","","どくばり","四足型","","","",""
"ニドリーナ","","どくばり","四足型","","","",""
"ニドクイン","","ドリル","二足尻尾型","","","",""
"ニドラン♂","","どくばり","四足型","","","",""
"ニドリーノ","","どくばり","四足型","","","",""
"ニドキング","","ドリル","二足尻尾型","","","",""
"ピッピ","","ようせい","二足尻尾型","","","",""
"ピクシー","","ようせい","二足尻尾型","","","",""
"ロコン","","きつね","四足型","","","",""
"キュウコン","","きつね","四足型","","","",""
"プリン","","ふうせん","二足人型","","","",""
"プクリン","","ふうせん","二足人型","","","",""
"ズバット","","こうもり","二枚羽型","","","",""
"ゴルバット","","こうもり","二枚羽型","","","",""
"ナゾノクサ","","ざっそう","脚型","","","",""
"クサイハナ","","ざっそう","二足人型","","","",""
"ラフレシア","","フラワー","二足人型","","","",""
"パラス","","きのこ","昆虫型","","","",""
"パラセクト","","きのこ","昆虫型","","","",""
"コンパン","","こんちゅう","二足人型","","","",""
"モルフォン","","どくが","四枚羽型","","","",""
"ディグダ","","もぐら","直立胴型","","","",""
"ダグトリオ","","もぐら","集合型","","","",""
"ニャース","","ばけねこ","四足型","","","",""
"ペルシアン","","シャムネコ","四足型","","","",""
"コダック","","あひる","二足尻尾型","","","",""
"ゴルダック","","あひる","二足尻尾型","","","",""
"マンキー","","ぶたざる","二足尻尾型","","","",""
"オコリザル","","ぶたざる","二足尻尾型","","","",""
"ガーディ","","こいぬ","四足型","","","",""
"ウインディ","","でんせつ","四足型","","","",""
"ニョロモ","","おたま","脚型","","","",""
"ニョロゾ","","おたま","二足人型","","","",""
"ニョロボン","","おたま","二足人型","","","",""
"ケーシィ","","ねんりき","二足尻尾型","","","",""
"ユンゲラー","","ねんりき","二足尻尾型","","","",""
"フーディン","","ねんりき","二足人型","","","",""
"ワンリキー","","かいりき","二足尻尾型","","","",""
"ゴーリキー","","かいりき","二足人型","","","",""
"カイリキー","","かいりき","二足人型","","","",""
"マダツボミ","","フラワー","二足人型","","","",""
"ウツドン","","ハエとり","直立胴型","","","",""
"ウツボット","","ハエとり","直立胴型","","","",""
"メノクラゲ","","くらげ","多足型","","","",""
"ドククラゲ","","くらげ","多足型","","","",""
"イシツブテ","","がんせき","腕型","","","",""
"ゴローン","","がんせき","二足人型","","","",""
"ゴローニャ","","メガトン","二足人型","","","",""
"ポニータ","","ひのうま","四足型","","","",""
"ギャロップ","","ひのうま","四足型","","","",""
"ヤドン","","まぬけ","四足型","","","",""
"ヤドラン","","やどかり","二足尻尾型","","","",""
"コイル","","じしゃく","腕型","","","",""
"レアコイル","","じしゃく","集合型","","","",""
"カモネギ","","かるがも","二枚羽型","","","",""
"ドードー","","ふたごどり","脚型","","","",""
"ドードリオ","","みつごどり","脚型","","","",""
"パウワウ","","あしか","魚型","","","",""
"ジュゴン","","あしか","魚型","","","",""
"ベトベター","","ヘドロ","腕型","","","",""
"ベトベトン","","ヘドロ","腕型","","","",""
"シェルダー","","２まいがい","丸型","","","",""
"パルシェン","","２まいがい","丸型","","","",""
"ゴース","","ガスじょう","丸型","","","",""
"ゴースト","","ガスじょう","腕型","","","",""
"ゲンガー","","シャドー","二足尻尾型","","","",""
"イワーク","","いわへび","腹這脚無型","","","",""
"スリープ","","さいみん","二足人型","","","",""
"スリーパー","","さいみん","二足人型","","","",""
"クラブ","","さわがに","昆虫型","","","",""
"キングラー","","はさみ","昆虫型","","","",""
"ビリリダマ","","ボール","丸型","","","",""
"マルマイン","","ボール","丸型","","","",""
"タマタマ","","たまご","集合型","","","",""
"ナッシー","","やしのみ","脚型","","","",""
"カラカラ","","こどく","二足尻尾型","","","",""
"ガラガラ","","ほねずき","二足尻尾型","","","",""
"サワムラー","","キック","二足人型","","","",""
"エビワラー","","パンチ","二足人型","","","",""
"ベロリンガ","","なめまわし","二足尻尾型","","","",""
"ドガース","","どくガス","丸型","","","",""
"マタドガス","","どくガス","集合型","","","",""
"サイホーン","","とげとげ","四足型","","","",""
"サイドン","","ドリル","二足尻尾型","","","",""
"ラッキー","","たまご","二足尻尾型","","","",""
"モンジャラ","","ツルじょう","脚型","","","",""
"ガルーラ","","おやこ","二足尻尾型","","","",""
"タッツー","","ドラゴン","直立胴型","","","",""
"シードラ","","ドラゴン","直立胴型","","","",""
"トサキント","","きんぎょ","魚型","","","",""
"アズマオウ","","きんぎょ","魚型","","","",""
"ヒトデマン","","ほしがた","直立胴型","","","",""
"スターミー","","なぞの","直立胴型","","","",""
"バリヤード","","バリアー","二足人型","","","",""
"ストライク","","かまきり","四枚羽型","","","",""
"ルージュラ","","ひとがた","二足人型","","","",""
"エレブー","","でんげき","二足尻尾型","","","",""
"ブーバー","","ひふき","二足尻尾型","","","",""
"カイロス","","くわがた","二足人型","","","",""
"ケンタロス","","あばれうし","四足型","","","",""
"コイキング","","さかな","魚型","","","",""
"ギャラドス","","きょうあく","腹這脚無型","","","",""
"ラプラス","","のりもの","魚型","","","",""
"メタモン","","へんしん","丸型","","","",""
"イーブイ","","しんか","四足型","","","",""
"シャワーズ","","あわはき","四足型","","","",""
"サンダース","","かみなり","四足型","","","",""
"ブースター","","ほのお","四足型","","","",""
"ポリゴン","","バーチャル","脚型","","","",""
"オムナイト","","うずまき","多足型","","","",""
"オムスター","","うずまき","多足型","","","",""
"カブト","","こうら","昆虫型","","","",""
"カブトプス","","こうら","二足尻尾型","","","",""
"プテラ","","かせき","二枚羽型","","","",""
"カビゴン","","いねむり","二足人型","","","",""
"フリーザー","","れいとう","二枚羽型","","","",""
"サンダー","","でんげき","二枚羽型","","","",""
"ファイヤー","","かえん","二枚羽型","","","",""
"ミニリュウ","","ドラゴン","腹這脚無型","","","",""
"ハクリュー","","ドラゴン","腹這脚無型","","","",""
"カイリュー","","ドラゴン","二足尻尾型","","","",""
"ミュウツー","","いでんし","二足尻尾型","","","",""
"ミュウ","","しんしゅ","二足尻尾型","","","",""
"チコリータ","","はっぱ","四足型","","","",""
"ベイリーフ","","はっぱ","四足型","","","",""
"メガニウム","","ハーブ","四足型","","","",""
"ヒノアラシ","","ひねずみ","二足人型","","","",""
"マグマラシ","","かざん","四足型","","","",""
"バクフーン","","かざん","四足型","","","",""
"ワニノコ","","おおあご","二足尻尾型","","","",""
"アリゲイツ","","おおあご","二足尻尾型","","","",""
"オーダイル","","おおあご","二足尻尾型","","","",""
"オタチ","","みはり","四足型","","","",""
"オオタチ","","どうなが","四足型","","","",""
"ホーホー","","ふくろう","二枚羽型","","","",""
"ヨルノズク","","ふくろう","二枚羽型","","","",""
"レディバ","","いつつぼし","二枚羽型","","","",""
"レディアン","","いつつぼし","二枚羽型","","","",""
"イトマル","","いとはき","昆虫型","","","",""
"アリアドス","","あしなが","昆虫型","","","",""
"クロバット","","こうもり","四枚羽型","","","",""
"チョンチー","","あんこう","魚型","","","",""
"ランターン","","ライト","魚型","","","",""
"ピチュー","","こねずみ","四足型","","","",""
"ピィ","","ほしがた","二足尻尾型","","","",""
"ププリン","","ふうせん","二足人型","","","",""
"トゲピー","","はりたま","二足人型","","","",""
"トゲチック","","しあわせ","二足人型","","","",""
"ネイティ","","ことり","二枚羽型","","","",""
"ネイティオ","","せいれい","二枚羽型","","","",""
"メリープ","","わたげ","四足型","","","",""
"モココ","","わたげ","二足尻尾型","","","",""
"デンリュウ","","ライト","二足尻尾型","","","",""
"キレイハナ","","フラワー","二足人型","","","",""
"マリル","","みずねずみ","二足尻尾型","","","",""
"マリルリ","","みずうさぎ","二足尻尾型","","","",""
"ウソッキー","","まね","二足人型","","","",""
"ニョロトノ","","かえる","二足人型","","","",""
"ハネッコ","","わたくさ","二足尻尾型","","","",""
"ポポッコ","","わたくさ","二足尻尾型","","","",""
"ワタッコ","","わたくさ","二足尻尾型","","","",""
"エイパム","","おなが","二足尻尾型","","","",""
"ヒマナッツ","","たね","丸型","","","",""
"キマワリ","","たいよう","二足人型","","","",""
"ヤンヤンマ","","うすばね","四枚羽型","","","",""
"ウパー","","みずうお","脚型","","","",""
"ヌオー","","みずうお","二足尻尾型","","","",""
"エーフィ","","たいよう","四足型","","","",""
"ブラッキー","","げっこう","四足型","","","",""
"ヤミカラス","","くらやみ","二枚羽型","","","",""
"ヤドキング","","おうじゃ","二足尻尾型","","","",""
"ムウマ","","よなき","丸型","","","",""
"アンノーン","","シンボル","丸型","","","",""
"ソーナンス","","がまん","直立胴型","","","",""
"キリンリキ","","くびなが","四足型","","","",""
"クヌギダマ","","みのむし","丸型","","","",""
"フォレトス","","みのむし","丸型","","","",""
"ノコッチ","","つちへび","腹這脚無型","","","",""
"グライガー","","とびさそり","二枚羽型","","","",""
"ハガネール","","てつへび","腹這脚無型","","","",""
"ブルー","","ようせい","二足人型","","","",""
"グランブル","","ようせい","二足尻尾型","","","",""
"ハリーセン","","ふうせん","魚型","","","",""
"ハッサム","","はさみ","四枚羽型","","","",""
"ツボツボ","","はっこう","昆虫型","","","",""
"ヘラクロス","","１ぽんヅノ","二足人型","","","",""
"ニューラ","","かぎづめ","二足尻尾型","","","",""
"ヒメグマ","","こぐま","二足尻尾型","","","",""
"リングマ","","とうみん","二足尻尾型","","","",""
"マグマッグ","","ようがん","腹這脚無型","","","",""
"マグカルゴ","","ようがん","腹這脚無型","","","",""
"ウリムー","","いのぶた","四足型","","","",""
"イノムー","","いのしし","四足型","","","",""
"サニーゴ","","さんご","昆虫型","","","",""
"テッポウオ","","ふんしゃ","魚型","","","",""
"オクタン","","ふんしゃ","多足型","","","",""
"デリバード","","はこびや","二枚羽型","","","",""
"マンタイン","","カイト","二枚羽型","","","",""
"エアームド","","よろいどり","二枚羽型","","","",""
"デルビル","","ダーク","四足型","","","",""
"ヘルガー","","ダーク","四足型","","","",""
"キングドラ","","ドラゴン","直立胴型","","","",""
"ゴマゾウ","","ながはな","四足型","","","",""
"ドンファン","","よろい","四足型","","","",""
"ポリゴン２","","バーチャル","脚型","","","",""
"オドシシ","","おおツノ","四足型","","","",""
"ドーブル","","えかき","二足尻尾型","","","",""
"バルキー","","けんか","二足人型","","","",""
"カポエラー","","さかだち","二足尻尾型","","","",""
"ムチュール","","くちづけ","二足人型","","","",""
"エレキッド","","でんき","二足人型","","","",""
"ブビィ","","ひだね","二足尻尾型","","","",""
"ミルタンク","","ちちうし","二足尻尾型","","","",""
"ハピナス","","しあわせ","二足人型","","","",""
"ライコウ","","いかずち","四足型","","","",""
"エンテイ","","かざん","四足型","","","",""
"スイクン","","オーロラ","四足型","","","",""
"ヨーギラス","","いわはだ","二足尻尾型","","","",""
"サナギラス","","だんがん","腹這脚無型","","","",""
"バンギラス","","よろい","二足尻尾型","","","",""
"ルギア","","せんすい","二枚羽型","","","",""
"ホウオウ","","にじいろ","二枚羽型","","","",""
"セレビィ","","ときわたり","二足人型","","","",""
"キモリ","","もりトカゲ","二足尻尾型","","","",""
"ジュプトル","","もりトカゲ","二足尻尾型","","","",""
"ジュカイン","","みつりん","二足尻尾型","","","",""
"アチャモ","","ひよこ","脚型","","","",""
"ワカシャモ","","わかどり","二足尻尾型","","","",""
"バシャーモ","","もうか","二足尻尾型","","","",""
"ミズゴロウ","","ぬまうお","四足型","","","",""
"ヌマクロー","","ぬまうお","二足尻尾型","","","",""
"ラグラージ","","ぬまうお","二足尻尾型","","","",""
"ポチエナ","","かみつき","四足型","","","",""
"グラエナ","","かみつき","四足型","","","",""
"ジグザグマ","","まめだぬき","四足型","","","",""
"マッスグマ","","とっしん","四足型","","","",""
"ケムッソ","","いもむし","腹這脚無型","","","",""
"カラサリス","","さなぎ","丸型","","","",""
"アゲハント","","ちょうちょ","四枚羽型","","","",""
"マユルド","","さなぎ","丸型","","","",""
"ドクケイル","","どくが","四枚羽型","","","",""
"ハスボー","","うきくさ","昆虫型","","","",""
"ハスブレロ","","ようき","二足人型","","","",""
"ルンパッパ","","のうてんき","二足人型","","","",""
"タネボー","","どんぐり","脚型","","","",""
"コノハナ","","いじわる","二足人型","","","",""
"ダーテング","","よこしま","二足人型","","","",""
"スバメ","","こツバメ","二枚羽型","","","",""
"オオスバメ","","ツバメ","二枚羽型","","","",""
"キャモメ","","うみねこ","二枚羽型","","","",""
"ペリッパー","","みずどり","二枚羽型","","","",""
"ラルトス","","きもち","二足人型","","","",""
"キルリア","","かんじょう","二足人型","","","",""
"サーナイト","","ほうよう","二足人型","","","",""
"アメタマ","","あめんぼ","昆虫型","","","",""
"アメモース","","めだま","四枚羽型","","","",""
"キノココ","","きのこ","脚型","","","",""
"キノガッサ","","きのこ","二足尻尾型","","","",""
"ナマケロ","","なまけもの","四足型","","","",""
"ヤルキモノ","","あばれザル","二足尻尾型","","","",""
"ケッキング","","ものぐさ","二足人型","","","",""
"ツチニン","","したづみ","昆虫型","","","",""
"テッカニン","","しのび","四枚羽型","","","",""
"ヌケニン","","ぬけがら","直立胴型","","","",""
"ゴニョニョ","","ささやき","二足尻尾型","","","",""
"ドゴーム","","おおごえ","二足尻尾型","","","",""
"バクオング","","そうおん","二足尻尾型","","","",""
"マクノシタ","","こんじょう","二足人型","","","",""
"ハリテヤマ","","つっぱり","二足人型","","","",""
"ルリリ","","みずたま","脚型","","","",""
"ノズパス","","コンパス","二足人型","","","",""
"エネコ","","こねこ","四足型","","","",""
"エネコロロ","","おすまし","四足型","","","",""
"ヤミラミ","","くらやみ","二足人型","","","",""
"クチート","","あざむき","二足人型","","","",""
"ココドラ","","てつヨロイ","四足型","","","",""
"コドラ","","てつヨロイ","四足型","","","",""
"ボスゴドラ","","てつヨロイ","二足尻尾型","","","",""
"アサナン","","めいそう","二足人型","","","",""
"チャーレム","","めいそう","二足人型","","","",""
"ラクライ","","いなずま","四足型","","","",""
"ライボルト","","ほうでん","四足型","","","",""
"プラスル","","おうえん","二足尻尾型","","","",""
"マイナン","","おうえん","二足尻尾型","","","",""
"バルビート","","ほたる","二足尻尾型","","","",""
"イルミーゼ","","ほたる","二足人型","","","",""
"ロゼリア","","いばら","二足人型","","","",""
"ゴクリン","","いぶくろ","腕型","","","",""
"マルノーム","","どくぶくろ","腕型","","","",""
"キバニア","","どうもう","魚型","","","",""
"サメハダー","","きょうぼう","魚型","","","",""
"ホエルコ","","たまくじら","魚型","","","",""
"ホエルオー","","うきくじら","魚型","","","",""
"ドンメル","","どんかん","四足型","","","",""
"バクーダ","","ふんか","四足型","","","",""
"コータス","","せきたん","四足型","","","",""
"バネブー","","とびはね","腕型","","","",""
"ブーピッグ","","あやつり","二足尻尾型","","","",""
"パッチール","","ぶちパンダ","二足尻尾型","","","",""
"ナックラー","","ありじごく","昆虫型","","","",""
"ビブラーバ","","しんどう","四枚羽型","","","",""
"フライゴン","","せいれい","二枚羽型","","","",""
"サボネア","","サボテン","二足人型","","","",""
"ノクタス","","カカシぐさ","二足人型","","","",""
"チルット","","わたどり","二枚羽型","","","",""
"チルタリス","","ハミング","二枚羽型","","","",""
"ザングース","","ネコイタチ","二足尻尾型","","","",""
"ハブネーク","","キバへび","腹這脚無型","","","",""
"ルナトーン","","いんせき","丸型","","","",""
"ソルロック","","いんせき","丸型","","","",""
"ドジョッチ","","ひげうお","魚型","","","",""
"ナマズン","","ひげうお","魚型","","","",""
"ヘイガニ","","ごろつき","昆虫型","","","",""
"シザリガー","","ならずもの","昆虫型","","","",""
"ヤジロン","","どぐう","腕型","","","",""
"ネンドール","","どぐう","腕型","","","",""
"リリーラ","","ウミユリ","直立胴型","","","",""
"ユレイドル","","いわつぼ","直立胴型","","","",""
"アノプス","","むかしエビ","昆虫型","","","",""
"アーマルド","","かっちゅう","二足尻尾型","","","",""
"ヒンバス","","さかな","魚型","","","",""
"ミロカロス","","いつくしみ","腹這脚無型","","","",""
"ポワルン","","てんき","丸型","","","",""
"カクレオン","","いろへんげ","二足尻尾型","","","",""
"カゲボウズ","","にんぎょう","丸型","","","",""
"ジュペッタ","","ぬいぐるみ","二足尻尾型","","","",""
"ヨマワル","","おむかえ","腕型","","","",""
"サマヨール","","てまねき","二足人型","","","",""
"トロピウス","","フルーツ","四足型","","","",""
"チリーン","","ふうりん","腕型","","","",""
"アブソル","","わざわい","四足型","","","",""
"ソーナノ","","ほがらか","二足尻尾型","","","",""
"ユキワラシ","","ゆきかさ","二足人型","","","",""
"オニゴーリ","","がんめん","丸型","","","",""
"タマザラシ","","てたたき","魚型","","","",""
"トドグラー","","たままわし","魚型","","","",""
"トドゼルガ","","こおりわり","四足型","","","",""
"パールル","","２まいがい","丸型","","","",""
"ハンテール","","しんかい","腹這脚無型","","","",""
"サクラビス","","なんかい","腹這脚無型","","","",""
"ジーランス","","ちょうじゅ","魚型","","","",""
"ラブカス","","ランデブー","魚型","","","",""
"タツベイ","","いしあたま","二足人型","","","",""
"コモルー","","にんたい","四足型","","","",""
"ボーマンダ","","ドラゴン","四足型","","","",""
"ダンバル","","てっきゅう","直立胴型","","","",""
"メタング","","てつツメ","腕型","","","",""
"メタグロス","","てつあし","集合型","","","",""
"レジロック","","いわやま","二足人型","","","",""
"レジアイス","","ひょうざん","二足人型","","","",""
"レジスチル","","くろがね","二足人型","","","",""
"ラティアス","","むげん","二枚羽型","","","",""
"ラティオス","","むげん","二枚羽型","","","",""
"カイオーガ","","かいてい","魚型","","","",""
"グラードン","","たいりく","二足尻尾型","","","",""
"レックウザ","","てんくう","腹這脚無型","","","",""
"ジラーチ","","ねがいごと","二足人型","","","",""
"デオキシス","","ＤＮＡ","二足人型","","","",""
"ナエトル","","わかば","四足型","","","",""
"ハヤシガメ","","こだち","四足型","","","",""
"ドダイトス","","たいりく","四足型","","","",""
"ヒコザル","","こざる","二足尻尾型","","","",""
"モウカザル","","やんちゃ","二足尻尾型","","","",""
"ゴウカザル","","かえん","二足尻尾型","","","",""
"ポッチャマ","","ペンギン","二足人型","","","",""
"ポッタイシ","","ペンギン","二足尻尾型","","","",""
"エンペルト","","こうてい","二足尻尾型","","","",""
"ムックル","","むくどり","二枚羽型","","","",""
"ムクバード","","むくどり","二枚羽型","","","",""
"ムクホーク","","もうきん","二枚羽型","","","",""
"ビッパ","","まるねずみ","四足型","","","",""
"ビーダル","","ビーバー","二足尻尾型","","","",""
"コロボーシ","","こおろぎ","二足人型","","","",""
"コロトック","","こおろぎ","四枚羽型","","","",""
"コリンク","","せんこう","四足型","","","",""
"ルクシオ","","でんこう","四足型","","","",""
"レントラー","","がんこう","四足型","","","",""
"スボミー","","つぼみ","二足人型","","","",""
"ロズレイド","","ブーケ","二足人型","","","",""
"ズガイドス","","ずつき","二足尻尾型","","","",""
"ラムパルド","","ずつき","二足尻尾型","","","",""
"タテトプス","","シールド","四足型","","","",""
"トリデプス","","シールド","四足型","","","",""
"ミノムッチ","","みのむし","腹這脚無型","","","",""
"ミノマダム","","みのむし","腹這脚無型","","","",""
"ガーメイル","","ミノガ","四枚羽型","","","",""
"ミツハニー","","はちのこ","集合型","","","",""
"ビークイン","","はちのす","二枚羽型","","","",""
"パチリス","","でんきりす","四足型","","","",""
"ブイゼル","","うみイタチ","四足型","","","",""
"フローゼル","","うみイタチ","四足型","","","",""
"チェリンボ","","さくらんぼ","集合型","","","",""
"チェリム","","サクラ","脚型","","","",""
"カラナクシ","","ウミウシ","昆虫型","","","",""
"トリトドン","","ウミウシ","昆虫型","","","",""
"エテボース","","おなが","二足尻尾型","","","",""
"フワンテ","","ふうせん","腕型","","","",""
"フワライド","","ききゅう","腕型","","","",""
"ミミロル","","うさぎ","二足尻尾型","","","",""
"ミミロップ","","うさぎ","二足尻尾型","","","",""
"ムウマージ","","マジカル","丸型","","","",""
"ドンカラス","","おおボス","二枚羽型","","","",""
"ニャルマー","","ねこかぶり","四足型","","","",""
"ブニャット","","とらねこ","四足型","","","",""
"リーシャン","","すず","二足人型","","","",""
"スカンプー","","スカンク","四足型","","","",""
"スカタンク","","スカンク","四足型","","","",""
"ドーミラー","","せいどう","丸型","","","",""
"ドータクン","","どうたく","腕型","","","",""
"ウソハチ","","ぼんさい","脚型","","","",""
"マネネ","","マイム","二足人型","","","",""
"ピンプク","","ままごと","二足人型","","","",""
"ペラップ","","おんぷ","二枚羽型","","","",""
"ミカルゲ","","ふういん","直立胴型","","","",""
"フカマル","","りくザメ","二足尻尾型","","","",""
"ガバイト","","ほらあな","二足尻尾型","","","",""
"ガブリアス","","マッハ","二足尻尾型","","","",""
"ゴンベ","","おおぐい","二足人型","","","",""
"リオル","","はもん","二足尻尾型","","","",""
"ルカリオ","","はどう","二足尻尾型","","","",""
"ヒポポタス","","カバ","四足型","","","",""
"カバルドン","","じゅうりょう","四足型","","","",""
"スコルピ","","さそり","昆虫型","","","",""
"ドラピオン","","ばけさそり","昆虫型","","","",""
"グレッグル","","どくづき","二足人型","","","",""
"ドクロッグ","","どくづき","二足人型","","","",""
"マスキッパ","","むしとり","多足型","","","",""
"ケイコウオ","","はねうお","魚型","","","",""
"ネオラント","","ネオン","魚型","","","",""
"タマンタ","","カイト","二枚羽型","","","",""
"ユキカブリ","","じゅひょう","二足尻尾型","","","",""
"ユキノオー","","じゅひょう","二足尻尾型","","","",""
"マニューラ","","かぎづめ","二足尻尾型","","","",""
"ジバコイル","","じば","腕型","","","",""
"ベロベルト","","なめまわし","二足人型","","","",""
"ドサイドン","","ドリル","二足尻尾型","","","",""
"モジャンボ","","ツルじょう","二足人型","","","",""
"エレキブル","","らいでん","二足尻尾型","","","",""
"ブーバーン","","ばくえん","二足尻尾型","","","",""
"トゲキッス","","しゅくふく","二枚羽型","","","",""
"メガヤンマ","","オニトンボ","四枚羽型","","","",""
"リーフィア","","しんりょく","四足型","","","",""
"グレイシア","","","","","","",""
"グライオン","","キバさそり","二枚羽型","","","",""
"マンムー","","２ほんキバ","四足型","","","",""
"ポリゴンＺ","","バーチャル","腕型","","","",""
"エルレイド","","やいば","二足人型","","","",""
"ダイノーズ","","コンパス","集合型","","","",""
"ヨノワール","","てづかみ","腕型","","","",""
"ユキメノコ","","ゆきぐに","腕型","","","",""
"ロトム","","プラズマ","丸型","","","",""
"ユクシー","","ちしき","二足尻尾型","","","",""
"エムリット","","かんじょう","二足尻尾型","","","",""
"アグノム","","いし","二足尻尾型","","","",""
"ディアルガ","","じかん","四足型","","","",""
"パルキア","","くうかん","二足尻尾型","","","",""
"ヒードラン","","かこう","四足型","","","",""
"レジギガス","","きょだい","二足人型","","","",""
"ギラティナ","another","はんこつ","腹這脚無型","","","",""
"クレセリア","","みかづき","昆虫型","","","",""
"フィオネ","","かいよう","腕型","","","",""
"マナフィ","","かいゆう","二足人型","","","",""
"ダークライ","","あんこく","二足人型","","","",""
"シェイミ","land","かんしゃ","四足型","","","",""
"アルセウス","","そうぞう","四足型","","","",""
"クサヘビ","","","","","","",""
"クサネーク","","","","","","",""
"プランブラ","","","","","","",""
"ホットン","","","","","","",""
"ヒートン","","","","","","",""
"ヤキブート","","","","","","",""
"スイッコ","","","","","","",""
"ミズッコ","","","","","","",""
"ラッコール","","","","","","",""
"ミネズミ","","みはり","","","","",""
"ミルホッグ","","けいかい","","","","",""
"パピー","","","","","","",""
"パブロー","","","","","","",""
"パブドッグ","","","","","","",""
"チョロネコ","","しょうわる","","","","",""
"レパルダス","","れいこく","","","","",""
"ブロッコ","","","","","","",""
"ブロッコル","","","","","","",""
"スチック","","","","","","",""
"スチームル","","","","","","",""
"ファウン","","","","","","",""
"ファウント","","","","","","",""
"ムンナ","","ゆめくい","","","","",""
"ムシャーナ","","ゆめうつつ","","","","",""
"マメパト","","こばと","","","","",""
"ハトーボー","","のばと","","","","",""
"ケンホロウ","","プライド","","","","",""
"ムカッテ","","","","","","",""
"ムカンデ","","","","","","",""
"ムカデンテ","","","","","","",""
"シママ","","たいでん","","","","",""
"ゼブライカ","","らいでん","","","","",""
"ガンセキ","","","","","","",""
"ガンクツ","","","","","","",""
"ガンドロス","","","","","","",""
"コロモリ","","こうもり","","","","",""
"ココロモリ","","きゅうあい","","","","",""
"ニューモン","","","","","","",""
"ユーダーン","","","","","","",""
"シハンドン","","","","","","",""
"モグリュー","","もぐら","","","","",""
"ドリュウズ","","ちてい","","","","",""
"シンピッピ","","","","","","",""
"タニス","","","","","","",""
"タニーノ","","","","","","",""
"タニキング","","","","","","",""
"セイヤー","","","","","","",""
"チェストー","","","","","","",""
"クルミル","","さいほう","","","","",""
"クルマユ","","はごもり","","","","",""
"ハハコモリ","","こそだて","","","","",""
"モンメン","","わたたま","","","","",""
"エルフーン","","かぜかくれ","","","","",""
"チュリネ","","ねっこ","","","","",""
"ドレディア","","はなかざり","","","","",""
"オニバス","","","","","","",""
"ヒダルマ","","","","","","",""
"ゴリダルマ","","えんじょう","","","","",""
"メグロコ","","さばく","","","","",""
"ワルビル","","さばく","","","","",""
"ワルビアル","","いかく","","","","",""
"サボッテン","","","","","","",""
"ヤドリ","","","","","","",""
"ヤドカルゴ","","","","","","",""
"ナスカドリ","","","","","","",""
"デスマス","","たましい","","","","",""
"デスカーン","","かんおけ","","","","",""
"レイコ","","","","","","",""
"レイコーン","","","","","","",""
"カセッキ","","","","","","",""
"カセキング","","","","","","",""
"ムカシドリ","","","","","","",""
"アーケオス","","","","","","",""
"ヤブクロン","","ゴミぶくろ","","","","",""
"ダストダス","","ゴミすてば","","","","",""
"チラーミィ","","チンチラ","","","","",""
"チラチーノ","","スカーフ","","","","",""
"ゴスロ","","","","","","",""
"ゴスロス","","","","","","",""
"ゴスローゼ","","","","","","",""
"ユニラン","","さいぼう","","","","",""
"ダブラン","","ぶんかつ","","","","",""
"ランクルス","","ぞうふく","","","","",""
"バチュル","","くっつき","","","","",""
"デンチュラ","","でんきグモ","","","","",""
"トビッチュ","","","","","","",""
"シーバー","","","","","","",""
"シーイング","","","","","","",""
"ツルリ","","","","","","",""
"ツルット","","","","","","",""
"ツルツルダ","","","","","","",""
"バンビーナ","","","","","","",""
"シキジカ","","","","","","",""
"カブリン","","","","","","",""
"カブリオン","","","","","","",""
"キノタマ","","","","","","",""
"キノボール","","","","","","",""
"ハッチェ","","","","","","",""
"オノドン","","","","","","",""
"オノックス","","","","","","",""
"プルンス","","","","","","",""
"プルキング","","","","","","",""
"ママンボウ","","かいほう","","","","",""
"エレス","","","","","","",""
"エレクス","","","","","","",""
"エレキテス","","","","","","",""
"テッパン","","","","","","",""
"ゴウキーン","","","","","","",""
"ギアル","","はぐるま","","","","",""
"ギギアル","","はぐるま","","","","",""
"ギギギアル","","はぐるま","","","","",""
"テレス","","","","","","",""
"テレパス","","","","","","",""
"ローソクン","","","","","","",""
"ランプラー","","","","","","",""
"シャンドル","","","","","","",""
"ゾロア","","わるぎつね","","","","",""
"ゾロアーク","","ばけぎつね","","","","",""
"シロベア","","","","","","",""
"シャーベア","","","","","","",""
"アイスゴン","","","","","","",""
"カッチュ","","","","","","",""
"カチュード","","","","","","",""
"オニソコ","","","","","","",""
"グラップ","","","","","","",""
"グラッパー","","","","","","",""
"スンドメー","","","","","","",""
"フルコング","","","","","","",""
"オーロッチ","","","","","","",""
"ズルル","","","","","","",""
"ズルガシー","","","","","","",""
"アウトン","","","","","","",""
"アウトロン","","","","","","",""
"バッフロー","","","","","","",""
"イーグラ","","","","","","",""
"イーグラン","","","","","","",""
"メラメラス","","","","","","",""
"スチーラス","","","","","","",""
"ドラッコ","","","","","","",""
"ドラーゴ","","","","","","",""
"ドラゴーン","","","","","","",""
"ラー","","","","","","",""
"ドラー","","","","","","",""
"アトス","","","","","","",""
"ポルトス","","","","","","",""
"アラミス","","","","","","",""
"カザカミ","","","","","","",""
"ライカミ","","","","","","",""
"シン","","","","","","",""
"ム","","","","","","",""
"ツチノカミ","","","","","","",""
"ライ","","","","","","",""
"ダルタニス","","","","","","",""
"メロディア","","","","","","",""
"インセクタ","","","","","","",""
"ビクティ","","","","","","",""
"シェイミ","sky","かんしゃ","四足型","","","",""
"ギラティナ","origin","はんこつ","腹這脚無型","","","",""
