,,gp,FBR[h,jbNl[,
,,Ni,ROXT@PRUT@WPXS,Ă,
,,FP,OVVT@WTSS@POOP,ƂP,
,,FQ,QXUU@QWVT@TPPR,ƂQ,
,,FR,PRRS@PXXX@VWUQ,ƂR,
,,ʐMȂP,4340@6773@0719,P,
,,ʐMȂQ,0217@5084@0127,Q,
,,ʐMȂR,1420@1013@4907,R,
,,RcP,3739 3849 6597,܂P,
,,RcQ,0346@3608@1525,܂Q,
,,P,0346@3607@7195,킨P,
,,Q,0604@0588@0976,킨Q,
,,XP,4899 0261 5363,P,
,,XQ,1548 9516 6295,Q,
,,XR,5371 4725 5605,R,
,,ςP,QTVX@VSRW@SPXR,ق݂P,
,,ςQ,RROX@WWWQ@WQRU,ق݂Q,
,,^_V,2450 8947 8773,^_V,
,,,1849 5994 3103,iJ,
,,䕔,4512 4790 8128,,
,,,4598 3784 2707,܂,
,,}[N,2923 3412 2448,܁[,
,,֓P,4340 6804 1214,ƂP,
,,֓Q,3438 7372 8922,ƂQ,
,,LP,5070 8247 2142,[[P,
,,LQ,4598 3783 1890,[[Q,
,,LR,4125 9319 1629,[[R,
,,LS,0475 2097 1473,[[S,
,,P,5414 4221 8485,̂P,
,,Q,4082 9823 2375,̂Q,
,,R,4168 8816 6987,̂R,
,,S,0561 1091 4147,̂S,
,,XP,1677-8006-4346,P,
,,XQ,3009-2405-1154,Q,
